Workbook

Sheet Nhat Ky Lenh
A1: STT | B1: Ngay | C1: Gio vao lenh | D1: Cap tien / San pham | E1: San/Broker | F1: Khung TG chinh (M1/M3/M5/M15) | G1: Huong lenh (BUY/SELL) | H1: Gia vao | I1: Gia SL | J1: Gia TP | K1: Khoi luong (Lot) | L1: Von TK ($) | M1: % Rui ro | N1: So tien rui ro ($) | O1: So tieu chi BAT BUOC dat (x/5) | P1: So tieu chi CONG DIEM dat | Q1: Ly do vao lenh | R1: Gia dong lenh | S1: Gio dong lenh | T1: Ket qua (Win/Loss/BE) | U1: R:R thuc te | V1: Lai/Lo (Pip) | W1: Lai/Lo ($) | X1: Ly do thoat lenh | Y1: Bai hoc rut ra
A2: 1 | N2: =IF(OR(L2="",M2=""),"",L2*M2) | U2: =IF(OR(H2="",I2="",J2=""),"",ROUND(ABS(J2-H2)/ABS(H2-I2),2))
A3: 2 | N3: =IF(OR(L3="",M3=""),"",L3*M3) | U3: =IF(OR(H3="",I3="",J3=""),"",ROUND(ABS(J3-H3)/ABS(H3-I3),2))
A4: 3 | N4: =IF(OR(L4="",M4=""),"",L4*M4) | U4: =IF(OR(H4="",I4="",J4=""),"",ROUND(ABS(J4-H4)/ABS(H4-I4),2))
A5: 4 | N5: =IF(OR(L5="",M5=""),"",L5*M5) | U5: =IF(OR(H5="",I5="",J5=""),"",ROUND(ABS(J5-H5)/ABS(H5-I5),2))
A6: 5 | N6: =IF(OR(L6="",M6=""),"",L6*M6) | U6: =IF(OR(H6="",I6="",J6=""),"",ROUND(ABS(J6-H6)/ABS(H6-I6),2))
A7: 6 | N7: =IF(OR(L7="",M7=""),"",L7*M7) | U7: =IF(OR(H7="",I7="",J7=""),"",ROUND(ABS(J7-H7)/ABS(H7-I7),2))
A8: 7 | N8: =IF(OR(L8="",M8=""),"",L8*M8) | U8: =IF(OR(H8="",I8="",J8=""),"",ROUND(ABS(J8-H8)/ABS(H8-I8),2))
A9: 8 | N9: =IF(OR(L9="",M9=""),"",L9*M9) | U9: =IF(OR(H9="",I9="",J9=""),"",ROUND(ABS(J9-H9)/ABS(H9-I9),2))
A10: 9 | N10: =IF(OR(L10="",M10=""),"",L10*M10) | U10: =IF(OR(H10="",I10="",J10=""),"",ROUND(ABS(J10-H10)/ABS(H10-I10),2))
A11: 10 | N11: =IF(OR(L11="",M11=""),"",L11*M11) | U11: =IF(OR(H11="",I11="",J11=""),"",ROUND(ABS(J11-H11)/ABS(H11-I11),2))
A12: 11 | N12: =IF(OR(L12="",M12=""),"",L12*M12) | U12: =IF(OR(H12="",I12="",J12=""),"",ROUND(ABS(J12-H12)/ABS(H12-I12),2))
A13: 12 | N13: =IF(OR(L13="",M13=""),"",L13*M13) | U13: =IF(OR(H13="",I13="",J13=""),"",ROUND(ABS(J13-H13)/ABS(H13-I13),2))
... A61: 60 | N61: =IF(OR(L61="",M61=""),"",L61*M61) | U61: =IF(OR(H61="",I61="",J61=""),"",ROUND(ABS(J61-H61)/ABS(H61-I61),2))

Sheet Dashboard
A1: DASHBOARD THONG KE GIAO DICH
A2: Tu dong cap nhat theo du lieu nhap tai sheet 'Nhat Ky Lenh'
A4: CHI SO | B4: GIA TRI
A5: Tong so lenh da nhap | B5: =COUNTA('Nhat Ky Lenh'!C2:C61)-COUNTBLANK('Nhat Ky Lenh'!C2:C61)+0-0+COUNTIF('Nhat Ky Lenh'!T2:T61,"<>") -> -60
A6: So lenh Win | B6: =COUNTIF('Nhat Ky Lenh'!$T$2:$T$61,"Win") -> 0
A7: So lenh Loss | B7: =COUNTIF('Nhat Ky Lenh'!$T$2:$T$61,"Loss") -> 0
A8: So lenh Hoa von (BE) | B8: =COUNTIF('Nhat Ky Lenh'!$T$2:$T$61,"BE") -> 0
A9: Ty le thang (Win Rate %) | B9: =IFERROR(COUNTIF('Nhat Ky Lenh'!$T$2:$T$61,"Win")/(COUNTIF('Nhat Ky Lenh'!$T$2:$T$61,"Win")+COUNTIF('Nhat Ky Lenh'!$T$2:$T$61,"Loss")),"")
A10: R:R trung binh | B10: =IFERROR(AVERAGE('Nhat Ky Lenh'!$U$2:$U$61),"")
A11: Tong Lai/Lo ($) | B11: =SUM('Nhat Ky Lenh'!$W$2:$W$61) -> 0
A12: Lai/Lo trung binh moi lenh ($) | B12: =IFERROR(AVERAGE('Nhat Ky Lenh'!$W$2:$W$61),"")
A13: So tieu chi bat buoc TB khi Win | B13: =IFERROR(AVERAGEIF('Nhat Ky Lenh'!$T$2:$T$61,"Win",'Nhat Ky Lenh'!$O$2:$O$61),"")
A14: So tieu chi bat buoc TB khi Loss | B14: =IFERROR(AVERAGEIF('Nhat Ky Lenh'!$T$2:$T$61,"Loss",'Nhat Ky Lenh'!$O$2:$O$61),"")
A16: Ghi chu: sau khi du >= 100 lenh, so sanh 'So tieu chi TB khi Win' va 'khi Loss'
A17: de kiem tra bo tieu chi bat buoc co thuc su phan biet duoc lenh thang/thua hay khong.

Sheet Huong Dan
A1: HUONG DAN SU DUNG FILE NHAT KY GIAO DICH
A3: 1. Sheet 'Nhat Ky Lenh': ghi lai MOI lenh giao dich ngay sau khi dong lenh, khong bo sot.
A4: - Cot 'So tieu chi BAT BUOC dat (x/5)': doi chieu voi Muc 5.1 trong file
A5: docs/01-he-thong-tieu-chi-giao-dich.md. Neu khong du 5/5 thi khong nen co lenh nay.
A6: - Cot R:R thuc te va So tien rui ro tu dong tinh theo cong thuc, khong sua tay.
A8: 2. Sheet 'Dashboard': tu dong thong ke Win Rate, R:R trung binh, tong lai/lo.
A9: Theo doi dinh ky (moi 20-30 lenh) de danh gia he thong co hieu qua khong.
A11: 3. Sau khi du khoang 100 lenh (dung tinh than tai lieu goc): xem lai cot
A12: 'So tieu chi bat buoc TB khi Win' va 'khi Loss' o Dashboard.
A13: Neu hai con so nay gan bang nhau -> bo tieu chi hien tai chua thuc su
A14: phan biet duoc lenh tot/xau, can dieu chinh lai.
A16: 4. San giao dich: file nay mac dinh cho tai khoan Exness, co the dung cho
... A20: dau tu. Ban tu chiu trach nhiem voi cac quyet dinh giao dich cua minh.
